model,horizon_days,metric,fold_1,fold_2,fold_3,mean,standard_deviation,minimum,maximum,range,interpretation
ElasticNet,1,MAE_mg_L,1.600332464977656,1.363075295927365,1.7838863496532262,1.5824313701860824,0.21097588163228534,1.363075295927365,1.7838863496532262,0.42081105372586114,descriptive only (no population confidence interval from three folds)
ElasticNet,1,MASE,1.3791251652651313,1.0909949527629403,1.3316245872042758,1.2672482350774492,0.1544765058965515,1.0909949527629403,1.3791251652651313,0.28813021250219095,descriptive only (no population confidence interval from three folds)
ElasticNet,1,RMSE_mg_L,1.9987727420135388,1.7561233122172897,2.1789064810443093,1.977934178425046,0.21216052003183294,1.7561233122172897,2.1789064810443093,0.4227831688270196,descriptive only (no population confidence interval from three folds)
HGBR,1,MAE_mg_L,1.605254144179916,1.5127763702441268,1.8767246063948544,1.6649183736062991,0.1891677690678026,1.5127763702441268,1.8767246063948544,0.3639482361507276,descriptive only (no population confidence interval from three folds)
HGBR,1,MASE,1.3833665412240286,1.2108145379250794,1.4009259220871666,1.3317023337454248,0.10505939914067818,1.2108145379250794,1.4009259220871666,0.19011138416208717,descriptive only (no population confidence interval from three folds)
HGBR,1,RMSE_mg_L,2.0379746162462777,1.91903765120315,2.2841816193187365,2.0803979622560544,0.18623193758804657,1.91903765120315,2.2841816193187365,0.3651439681155866,descriptive only (no population confidence interval from three folds)
Persistence,1,MAE_mg_L,1.33248031496063,1.5222047244094488,1.7834742052755908,1.5460530815485563,0.22644078779899957,1.33248031496063,1.7834742052755908,0.45099389031496084,descriptive only (no population confidence interval from three folds)
Persistence,1,MASE,1.148297103757294,1.2183609198732823,1.3313169321864295,1.2326583186056685,0.09234379300982923,1.148297103757294,1.3313169321864295,0.18301982842913556,descriptive only (no population confidence interval from three folds)
Persistence,1,RMSE_mg_L,1.7758884878448429,1.9711064481456249,2.386463705245336,2.0444862137452677,0.31183163169490796,1.7758884878448429,2.386463705245336,0.610575217400493,descriptive only (no population confidence interval from three folds)
Ridge,1,MAE_mg_L,1.5860623448409408,1.3593775618568986,1.730585354266177,1.5586750869880055,0.18711320826138883,1.3593775618568986,1.730585354266177,0.3712077924092785,descriptive only (no population confidence interval from three folds)
Ridge,1,MASE,1.366827544475332,1.0880353149354545,1.2918367857035504,1.248899881704779,0.14427044086265114,1.0880353149354545,1.366827544475332,0.2787922295398775,descriptive only (no population confidence interval from three folds)
Ridge,1,RMSE_mg_L,1.9837901564324956,1.7527934538455672,2.12031054048628,1.9522980502547809,0.18577141009006382,1.7527934538455672,2.12031054048628,0.3675170866407129,descriptive only (no population confidence interval from three folds)
ElasticNet,3,MAE_mg_L,1.9811968352601483,1.4603934144955817,1.8890229529406304,1.7768710675654535,0.2779255022752027,1.4603934144955817,1.9811968352601483,0.5208034207645666,descriptive only (no population confidence interval from three folds)
ElasticNet,3,MASE,1.7173385432008208,1.1608999503397688,1.4057476615125932,1.4279953850177274,0.27888563571322134,1.1608999503397688,1.7173385432008208,0.556438592861052,descriptive only (no population confidence interval from three folds)
ElasticNet,3,RMSE_mg_L,2.447601004960096,1.8792759633125693,2.334962878048829,2.220613282107165,0.3009239286097604,1.8792759633125693,2.447601004960096,0.5683250416475267,descriptive only (no population confidence interval from three folds)
HGBR,3,MAE_mg_L,1.7642511317648075,1.5457726346779608,1.98089694841384,1.7636402382855358,0.21756280011564982,1.5457726346779608,1.98089694841384,0.4351243137358791,descriptive only (no population confidence interval from three folds)
HGBR,3,MASE,1.5292859419834135,1.2287698349105691,1.4741172141902004,1.4107243303613943,0.15997336010302993,1.2287698349105691,1.5292859419834135,0.3005161070728444,descriptive only (no population confidence interval from three folds)
HGBR,3,RMSE_mg_L,2.30054181793902,1.9869959506974315,2.457003533018198,2.248180433884883,0.23933881374487007,1.9869959506974315,2.457003533018198,0.47000758232076634,descriptive only (no population confidence interval from three folds)
Persistence,3,MAE_mg_L,1.845983935742972,1.8968674698795185,2.3341775473895585,2.025676317670683,0.26837853875654827,1.845983935742972,2.3341775473895585,0.4881936116465866,descriptive only (no population confidence interval from three folds)
Persistence,3,MASE,1.600133468093634,1.5078631071099762,1.7370168126809409,1.6150044626281836,0.11529837402609393,1.5078631071099762,1.7370168126809409,0.2291537055709647,descriptive only (no population confidence interval from three folds)
Persistence,3,RMSE_mg_L,2.366791924961773,2.434460925954656,2.954403556912496,2.5852188026096417,0.3215086476769914,2.366791924961773,2.954403556912496,0.5876116319507227,descriptive only (no population confidence interval from three folds)
Ridge,3,MAE_mg_L,2.0307162204936144,1.4547782439198813,1.9070178990215396,1.7975041211450116,0.30318490871669984,1.4547782439198813,2.0307162204936144,0.5759379765737331,descriptive only (no population confidence interval from three folds)
Ridge,3,MASE,1.7602628742836908,1.1564363234993726,1.4191388981478623,1.4452793653103084,0.3027608278420854,1.1564363234993726,1.7602628742836908,0.6038265507843181,descriptive only (no population confidence interval from three folds)
Ridge,3,RMSE_mg_L,2.485275030404593,1.888204964733468,2.3476132496481665,2.240364414928743,0.31264980448040613,1.888204964733468,2.485275030404593,0.5970700656711252,descriptive only (no population confidence interval from three folds)
BCR-TCN v1.1,5,MAE_mg_L,13.06844567278602,12.044562697290896,12.673251433006252,12.595419934361056,0.5163597520268255,12.044562697290896,13.06844567278602,1.0238829754951233,descriptive only (no population confidence interval from three folds)
BCR-TCN v1.1,5,MASE,11.572639982579703,9.784815546690853,9.914383074892037,10.423946201387531,0.996905205274413,9.784815546690853,11.572639982579703,1.7878244358888509,descriptive only (no population confidence interval from three folds)
BCR-TCN v1.1,5,RMSE_mg_L,13.248132037294685,12.210334279476246,12.87865401537317,12.779040110714702,0.5260211440942509,12.210334279476246,13.248132037294685,1.0377977578184385,descriptive only (no population confidence interval from three folds)
ElasticNet,5,MAE_mg_L,1.978768560505372,1.471439044105932,1.9116236535286584,1.787277086046654,0.27557641623683965,1.471439044105932,1.978768560505372,0.50732951639944,descriptive only (no population confidence interval from three folds)
ElasticNet,5,MASE,1.705230015562928,1.167469777657996,1.4216309978033994,1.4314435970081079,0.26901437451418175,1.167469777657996,1.705230015562928,0.537760237904932,descriptive only (no population confidence interval from three folds)
ElasticNet,5,RMSE_mg_L,2.50176273608173,1.9044603378176463,2.370236661120876,2.258819911673417,0.31385156967280703,1.9044603378176463,2.50176273608173,0.5973023982640837,descriptive only (no population confidence interval from three folds)
HGBR,5,MAE_mg_L,1.9371433790082744,1.4645811096403545,2.019850091356027,1.8071915266682186,0.2995772412231088,1.4645811096403545,2.019850091356027,0.5552689817156726,descriptive only (no population confidence interval from three folds)
HGBR,5,MASE,1.6693589640873698,1.1620285524453091,1.50211653611175,1.4445013508814764,0.2585259538635623,1.1620285524453091,1.6693589640873698,0.5073304116420607,descriptive only (no population confidence interval from three folds)
HGBR,5,RMSE_mg_L,2.452058674520152,1.8913935499002337,2.4746580089355765,2.272703411118654,0.33041729702879247,1.8913935499002337,2.4746580089355765,0.5832644590353429,descriptive only (no population confidence interval from three folds)
Persistence,5,MAE_mg_L,1.8831325301204815,1.9924899598393573,2.347911646586345,2.074511378848728,0.24300317211495467,1.8831325301204815,2.347911646586345,0.4647791164658637,descriptive only (no population confidence interval from three folds)
Persistence,5,MASE,1.6228143996912303,1.5808822116806482,1.7460884472366822,1.64992835286952,0.0858757818559157,1.5808822116806482,1.7460884472366822,0.16520623555603398,descriptive only (no population confidence interval from three folds)
Persistence,5,RMSE_mg_L,2.428066809981748,2.599431278546819,2.944853747587731,2.6574506120387658,0.2632334838393091,2.428066809981748,2.944853747587731,0.5167869376059828,descriptive only (no population confidence interval from three folds)
Ridge,5,MAE_mg_L,1.919376498283033,1.457676383093359,1.942512444276632,1.7731884418843415,0.27348621981947807,1.457676383093359,1.942512444276632,0.48483606118327294,descriptive only (no population confidence interval from three folds)
Ridge,5,MASE,1.6540481193022318,1.1565502014399451,1.4446022883766902,1.4184002030396226,0.2497818178457669,1.1565502014399451,1.6540481193022318,0.4974979178622867,descriptive only (no population confidence interval from three folds)
Ridge,5,RMSE_mg_L,2.437475391069188,1.915363910313972,2.395265270366105,2.249368190583088,0.2900251161554979,1.915363910313972,2.437475391069188,0.5221114807552163,descriptive only (no population confidence interval from three folds)
