model,display_model_name,horizon_days,outer_fold,fold_n,MAE_mg_L,MSE_mg2_L2,RMSE_mg_L,MASE,feature_date_start,feature_date_end,source_package,source_file,source_sha256,mase_method
ElasticNet,ElasticNet,1,1,254,1.600332464977656,3.995092474216321,1.9987727420135388,1.3791251652651313,2021-09-30,2022-06-10,canonical_h1_h3_reconciliation,revision_2026/09_h1_h3_reconciliation/h1/canonical_h1_point_metrics_by_fold.csv,51f7abeec022189f5a69f7ad5b88c0e80f321ec60ab6a8b956b4f4775ee80046,mean_absolute_scaled_error_over_pooled_rows_using_fold_local_train_denominator
ElasticNet,ElasticNet,1,2,254,1.363075295927365,3.083969087713024,1.7561233122172897,1.0909949527629403,2022-06-11,2023-02-19,canonical_h1_h3_reconciliation,revision_2026/09_h1_h3_reconciliation/h1/canonical_h1_point_metrics_by_fold.csv,51f7abeec022189f5a69f7ad5b88c0e80f321ec60ab6a8b956b4f4775ee80046,mean_absolute_scaled_error_over_pooled_rows_using_fold_local_train_denominator
ElasticNet,ElasticNet,1,3,254,1.7838863496532262,4.747633453136895,2.1789064810443093,1.3316245872042758,2023-02-20,2023-10-31,canonical_h1_h3_reconciliation,revision_2026/09_h1_h3_reconciliation/h1/canonical_h1_point_metrics_by_fold.csv,51f7abeec022189f5a69f7ad5b88c0e80f321ec60ab6a8b956b4f4775ee80046,mean_absolute_scaled_error_over_pooled_rows_using_fold_local_train_denominator
HGBR,HGBR,1,1,254,1.605254144179916,4.153340536464164,2.0379746162462777,1.3833665412240286,2021-09-30,2022-06-10,canonical_h1_h3_reconciliation,revision_2026/09_h1_h3_reconciliation/h1/canonical_h1_point_metrics_by_fold.csv,51f7abeec022189f5a69f7ad5b88c0e80f321ec60ab6a8b956b4f4775ee80046,mean_absolute_scaled_error_over_pooled_rows_using_fold_local_train_denominator
HGBR,HGBR,1,2,254,1.5127763702441268,3.6827055067353034,1.91903765120315,1.2108145379250794,2022-06-11,2023-02-19,canonical_h1_h3_reconciliation,revision_2026/09_h1_h3_reconciliation/h1/canonical_h1_point_metrics_by_fold.csv,51f7abeec022189f5a69f7ad5b88c0e80f321ec60ab6a8b956b4f4775ee80046,mean_absolute_scaled_error_over_pooled_rows_using_fold_local_train_denominator
HGBR,HGBR,1,3,254,1.8767246063948544,5.217485670033565,2.2841816193187365,1.4009259220871666,2023-02-20,2023-10-31,canonical_h1_h3_reconciliation,revision_2026/09_h1_h3_reconciliation/h1/canonical_h1_point_metrics_by_fold.csv,51f7abeec022189f5a69f7ad5b88c0e80f321ec60ab6a8b956b4f4775ee80046,mean_absolute_scaled_error_over_pooled_rows_using_fold_local_train_denominator
Persistence,Persistence,1,1,254,1.33248031496063,3.1537799212598423,1.7758884878448429,1.148297103757294,2021-09-30,2022-06-10,canonical_h1_h3_reconciliation,revision_2026/09_h1_h3_reconciliation/h1/canonical_h1_point_metrics_by_fold.csv,51f7abeec022189f5a69f7ad5b88c0e80f321ec60ab6a8b956b4f4775ee80046,mean_absolute_scaled_error_over_pooled_rows_using_fold_local_train_denominator
Persistence,Persistence,1,2,254,1.5222047244094488,3.88526062992126,1.9711064481456249,1.2183609198732823,2022-06-11,2023-02-19,canonical_h1_h3_reconciliation,revision_2026/09_h1_h3_reconciliation/h1/canonical_h1_point_metrics_by_fold.csv,51f7abeec022189f5a69f7ad5b88c0e80f321ec60ab6a8b956b4f4775ee80046,mean_absolute_scaled_error_over_pooled_rows_using_fold_local_train_denominator
Persistence,Persistence,1,3,254,1.7834742052755908,5.695209016453297,2.386463705245336,1.3313169321864295,2023-02-20,2023-10-31,canonical_h1_h3_reconciliation,revision_2026/09_h1_h3_reconciliation/h1/canonical_h1_point_metrics_by_fold.csv,51f7abeec022189f5a69f7ad5b88c0e80f321ec60ab6a8b956b4f4775ee80046,mean_absolute_scaled_error_over_pooled_rows_using_fold_local_train_denominator
Ridge,Ridge,1,1,254,1.5860623448409408,3.935423384758464,1.9837901564324956,1.366827544475332,2021-09-30,2022-06-10,canonical_h1_h3_reconciliation,revision_2026/09_h1_h3_reconciliation/h1/canonical_h1_point_metrics_by_fold.csv,51f7abeec022189f5a69f7ad5b88c0e80f321ec60ab6a8b956b4f4775ee80046,mean_absolute_scaled_error_over_pooled_rows_using_fold_local_train_denominator
Ridge,Ridge,1,2,254,1.3593775618568986,3.0722848918438723,1.7527934538455672,1.0880353149354545,2022-06-11,2023-02-19,canonical_h1_h3_reconciliation,revision_2026/09_h1_h3_reconciliation/h1/canonical_h1_point_metrics_by_fold.csv,51f7abeec022189f5a69f7ad5b88c0e80f321ec60ab6a8b956b4f4775ee80046,mean_absolute_scaled_error_over_pooled_rows_using_fold_local_train_denominator
Ridge,Ridge,1,3,254,1.730585354266177,4.495716788097222,2.12031054048628,1.2918367857035504,2023-02-20,2023-10-31,canonical_h1_h3_reconciliation,revision_2026/09_h1_h3_reconciliation/h1/canonical_h1_point_metrics_by_fold.csv,51f7abeec022189f5a69f7ad5b88c0e80f321ec60ab6a8b956b4f4775ee80046,mean_absolute_scaled_error_over_pooled_rows_using_fold_local_train_denominator
ElasticNet,ElasticNet,3,1,249,1.9811968352601483,5.99075067948167,2.447601004960096,1.7173385432008208,2021-10-15,2022-06-20,canonical_h1_h3_reconciliation,revision_2026/09_h1_h3_reconciliation/h3/canonical_h3_point_metrics_by_fold.csv,e41972cc9f3b28009d75df272075335542372cb00a77ea3eccaeec3a668e8f0b,mean_absolute_scaled_error_over_pooled_rows_using_fold_local_train_denominator
ElasticNet,ElasticNet,3,2,249,1.4603934144955817,3.5316781462843854,1.8792759633125693,1.1608999503397688,2022-06-21,2023-02-24,canonical_h1_h3_reconciliation,revision_2026/09_h1_h3_reconciliation/h3/canonical_h3_point_metrics_by_fold.csv,e41972cc9f3b28009d75df272075335542372cb00a77ea3eccaeec3a668e8f0b,mean_absolute_scaled_error_over_pooled_rows_using_fold_local_train_denominator
ElasticNet,ElasticNet,3,3,249,1.8890229529406304,5.452051641866072,2.334962878048829,1.4057476615125932,2023-02-25,2023-10-31,canonical_h1_h3_reconciliation,revision_2026/09_h1_h3_reconciliation/h3/canonical_h3_point_metrics_by_fold.csv,e41972cc9f3b28009d75df272075335542372cb00a77ea3eccaeec3a668e8f0b,mean_absolute_scaled_error_over_pooled_rows_using_fold_local_train_denominator
HGBR,HGBR,3,1,249,1.7642511317648075,5.2924926560861705,2.30054181793902,1.5292859419834135,2021-10-15,2022-06-20,canonical_h1_h3_reconciliation,revision_2026/09_h1_h3_reconciliation/h3/canonical_h3_point_metrics_by_fold.csv,e41972cc9f3b28009d75df272075335542372cb00a77ea3eccaeec3a668e8f0b,mean_absolute_scaled_error_over_pooled_rows_using_fold_local_train_denominator
HGBR,HGBR,3,2,249,1.5457726346779608,3.9481529080879896,1.9869959506974315,1.2287698349105691,2022-06-21,2023-02-24,canonical_h1_h3_reconciliation,revision_2026/09_h1_h3_reconciliation/h3/canonical_h3_point_metrics_by_fold.csv,e41972cc9f3b28009d75df272075335542372cb00a77ea3eccaeec3a668e8f0b,mean_absolute_scaled_error_over_pooled_rows_using_fold_local_train_denominator
HGBR,HGBR,3,3,249,1.98089694841384,6.036866361263907,2.457003533018198,1.4741172141902004,2023-02-25,2023-10-31,canonical_h1_h3_reconciliation,revision_2026/09_h1_h3_reconciliation/h3/canonical_h3_point_metrics_by_fold.csv,e41972cc9f3b28009d75df272075335542372cb00a77ea3eccaeec3a668e8f0b,mean_absolute_scaled_error_over_pooled_rows_using_fold_local_train_denominator
Persistence,Persistence,3,1,249,1.845983935742972,5.601704016064258,2.366791924961773,1.600133468093634,2021-10-15,2022-06-20,canonical_h1_h3_reconciliation,revision_2026/09_h1_h3_reconciliation/h3/canonical_h3_point_metrics_by_fold.csv,e41972cc9f3b28009d75df272075335542372cb00a77ea3eccaeec3a668e8f0b,mean_absolute_scaled_error_over_pooled_rows_using_fold_local_train_denominator
Persistence,Persistence,3,2,249,1.8968674698795185,5.9266,2.434460925954656,1.5078631071099762,2022-06-21,2023-02-24,canonical_h1_h3_reconciliation,revision_2026/09_h1_h3_reconciliation/h3/canonical_h3_point_metrics_by_fold.csv,e41972cc9f3b28009d75df272075335542372cb00a77ea3eccaeec3a668e8f0b,mean_absolute_scaled_error_over_pooled_rows_using_fold_local_train_denominator
Persistence,Persistence,3,3,249,2.3341775473895585,8.728500377097209,2.954403556912496,1.7370168126809409,2023-02-25,2023-10-31,canonical_h1_h3_reconciliation,revision_2026/09_h1_h3_reconciliation/h3/canonical_h3_point_metrics_by_fold.csv,e41972cc9f3b28009d75df272075335542372cb00a77ea3eccaeec3a668e8f0b,mean_absolute_scaled_error_over_pooled_rows_using_fold_local_train_denominator
Ridge,Ridge,3,1,249,2.0307162204936144,6.176591976752551,2.485275030404593,1.7602628742836908,2021-10-15,2022-06-20,canonical_h1_h3_reconciliation,revision_2026/09_h1_h3_reconciliation/h3/canonical_h3_point_metrics_by_fold.csv,e41972cc9f3b28009d75df272075335542372cb00a77ea3eccaeec3a668e8f0b,mean_absolute_scaled_error_over_pooled_rows_using_fold_local_train_denominator
Ridge,Ridge,3,2,249,1.4547782439198813,3.565317988844116,1.888204964733468,1.1564363234993726,2022-06-21,2023-02-24,canonical_h1_h3_reconciliation,revision_2026/09_h1_h3_reconciliation/h3/canonical_h3_point_metrics_by_fold.csv,e41972cc9f3b28009d75df272075335542372cb00a77ea3eccaeec3a668e8f0b,mean_absolute_scaled_error_over_pooled_rows_using_fold_local_train_denominator
Ridge,Ridge,3,3,249,1.9070178990215396,5.511287969923624,2.3476132496481665,1.4191388981478623,2023-02-25,2023-10-31,canonical_h1_h3_reconciliation,revision_2026/09_h1_h3_reconciliation/h3/canonical_h3_point_metrics_by_fold.csv,e41972cc9f3b28009d75df272075335542372cb00a77ea3eccaeec3a668e8f0b,mean_absolute_scaled_error_over_pooled_rows_using_fold_local_train_denominator
BCR-TCN v1.1,BCR-TCN v1.1,5,1,249,13.06844567278602,175.5130024775938,13.248132037294685,11.572639982579703,2021-10-10,2022-06-15,canonical_h5_assembly,revision_2026/05_canonical_predictions/h5_cross_model/canonical_h5_point_metrics_by_fold.csv,a8bd54e70b6e62dc50391166bbf7db05f8842aadc963a87381ab7db7b4bbf8a5,mean_absolute_scaled_error_over_pooled_rows_using_fold_local_train_denominator
BCR-TCN v1.1,BCR-TCN v1.1,5,2,249,12.044562697290896,149.09226321655268,12.210334279476246,9.784815546690853,2022-06-16,2023-02-19,canonical_h5_assembly,revision_2026/05_canonical_predictions/h5_cross_model/canonical_h5_point_metrics_by_fold.csv,a8bd54e70b6e62dc50391166bbf7db05f8842aadc963a87381ab7db7b4bbf8a5,mean_absolute_scaled_error_over_pooled_rows_using_fold_local_train_denominator
BCR-TCN v1.1,BCR-TCN v1.1,5,3,249,12.673251433006252,165.85972924768748,12.87865401537317,9.914383074892037,2023-02-20,2023-10-26,canonical_h5_assembly,revision_2026/05_canonical_predictions/h5_cross_model/canonical_h5_point_metrics_by_fold.csv,a8bd54e70b6e62dc50391166bbf7db05f8842aadc963a87381ab7db7b4bbf8a5,mean_absolute_scaled_error_over_pooled_rows_using_fold_local_train_denominator
ElasticNet,ElasticNet,5,1,249,1.978768560505372,6.258816787647144,2.50176273608173,1.705230015562928,2021-10-10,2022-06-15,canonical_h5_assembly,revision_2026/05_canonical_predictions/h5_cross_model/canonical_h5_point_metrics_by_fold.csv,a8bd54e70b6e62dc50391166bbf7db05f8842aadc963a87381ab7db7b4bbf8a5,mean_absolute_scaled_error_over_pooled_rows_using_fold_local_train_denominator
ElasticNet,ElasticNet,5,2,249,1.471439044105932,3.626969178320504,1.9044603378176463,1.167469777657996,2022-06-16,2023-02-19,canonical_h5_assembly,revision_2026/05_canonical_predictions/h5_cross_model/canonical_h5_point_metrics_by_fold.csv,a8bd54e70b6e62dc50391166bbf7db05f8842aadc963a87381ab7db7b4bbf8a5,mean_absolute_scaled_error_over_pooled_rows_using_fold_local_train_denominator
ElasticNet,ElasticNet,5,3,249,1.9116236535286584,5.618021829721439,2.370236661120876,1.4216309978033994,2023-02-20,2023-10-26,canonical_h5_assembly,revision_2026/05_canonical_predictions/h5_cross_model/canonical_h5_point_metrics_by_fold.csv,a8bd54e70b6e62dc50391166bbf7db05f8842aadc963a87381ab7db7b4bbf8a5,mean_absolute_scaled_error_over_pooled_rows_using_fold_local_train_denominator
HGBR,HGBR,5,1,249,1.9371433790082744,6.012591743289525,2.452058674520152,1.6693589640873698,2021-10-10,2022-06-15,canonical_h5_assembly,revision_2026/05_canonical_predictions/h5_cross_model/canonical_h5_point_metrics_by_fold.csv,a8bd54e70b6e62dc50391166bbf7db05f8842aadc963a87381ab7db7b4bbf8a5,mean_absolute_scaled_error_over_pooled_rows_using_fold_local_train_denominator
HGBR,HGBR,5,2,249,1.4645811096403545,3.577369560604208,1.8913935499002337,1.1620285524453091,2022-06-16,2023-02-19,canonical_h5_assembly,revision_2026/05_canonical_predictions/h5_cross_model/canonical_h5_point_metrics_by_fold.csv,a8bd54e70b6e62dc50391166bbf7db05f8842aadc963a87381ab7db7b4bbf8a5,mean_absolute_scaled_error_over_pooled_rows_using_fold_local_train_denominator
HGBR,HGBR,5,3,249,2.019850091356027,6.123932261188993,2.4746580089355765,1.50211653611175,2023-02-20,2023-10-26,canonical_h5_assembly,revision_2026/05_canonical_predictions/h5_cross_model/canonical_h5_point_metrics_by_fold.csv,a8bd54e70b6e62dc50391166bbf7db05f8842aadc963a87381ab7db7b4bbf8a5,mean_absolute_scaled_error_over_pooled_rows_using_fold_local_train_denominator
Persistence,Persistence,5,1,249,1.8831325301204815,5.89550843373494,2.428066809981748,1.6228143996912303,2021-10-10,2022-06-15,canonical_h5_assembly,revision_2026/05_canonical_predictions/h5_cross_model/canonical_h5_point_metrics_by_fold.csv,a8bd54e70b6e62dc50391166bbf7db05f8842aadc963a87381ab7db7b4bbf8a5,mean_absolute_scaled_error_over_pooled_rows_using_fold_local_train_denominator
Persistence,Persistence,5,2,249,1.9924899598393573,6.75704297188755,2.599431278546819,1.5808822116806482,2022-06-16,2023-02-19,canonical_h5_assembly,revision_2026/05_canonical_predictions/h5_cross_model/canonical_h5_point_metrics_by_fold.csv,a8bd54e70b6e62dc50391166bbf7db05f8842aadc963a87381ab7db7b4bbf8a5,mean_absolute_scaled_error_over_pooled_rows_using_fold_local_train_denominator
Persistence,Persistence,5,3,249,2.347911646586345,8.672163594681503,2.944853747587731,1.7460884472366822,2023-02-20,2023-10-26,canonical_h5_assembly,revision_2026/05_canonical_predictions/h5_cross_model/canonical_h5_point_metrics_by_fold.csv,a8bd54e70b6e62dc50391166bbf7db05f8842aadc963a87381ab7db7b4bbf8a5,mean_absolute_scaled_error_over_pooled_rows_using_fold_local_train_denominator
Ridge,Ridge,5,1,249,1.919376498283033,5.941286282067889,2.437475391069188,1.6540481193022318,2021-10-10,2022-06-15,canonical_h5_assembly,revision_2026/05_canonical_predictions/h5_cross_model/canonical_h5_point_metrics_by_fold.csv,a8bd54e70b6e62dc50391166bbf7db05f8842aadc963a87381ab7db7b4bbf8a5,mean_absolute_scaled_error_over_pooled_rows_using_fold_local_train_denominator
Ridge,Ridge,5,2,249,1.457676383093359,3.66861890893323,1.915363910313972,1.1565502014399451,2022-06-16,2023-02-19,canonical_h5_assembly,revision_2026/05_canonical_predictions/h5_cross_model/canonical_h5_point_metrics_by_fold.csv,a8bd54e70b6e62dc50391166bbf7db05f8842aadc963a87381ab7db7b4bbf8a5,mean_absolute_scaled_error_over_pooled_rows_using_fold_local_train_denominator
Ridge,Ridge,5,3,249,1.942512444276632,5.737295715422008,2.395265270366105,1.4446022883766902,2023-02-20,2023-10-26,canonical_h5_assembly,revision_2026/05_canonical_predictions/h5_cross_model/canonical_h5_point_metrics_by_fold.csv,a8bd54e70b6e62dc50391166bbf7db05f8842aadc963a87381ab7db7b4bbf8a5,mean_absolute_scaled_error_over_pooled_rows_using_fold_local_train_denominator
