policy_type,model,threshold_mg_L,nominal_budget_fraction,recall,precision,realized_alarm_fraction,eligible_dates,outer_fold_or_pooled
historical_quota_enforced_sequential_simulation,BCR-TCN v1.1,15,0.05,0.0854700854700854,0.4,0.0380517503805175,657,pooled
historical_quota_enforced_sequential_simulation,BCR-TCN v1.1,15,0.1,0.1538461538461538,0.36,0.076103500761035,657,pooled
historical_quota_enforced_sequential_simulation,BCR-TCN v1.1,16,0.05,0.0298507462686567,0.0909090909090909,0.0334855403348554,657,pooled
historical_quota_enforced_sequential_simulation,BCR-TCN v1.1,16,0.1,0.1492537313432835,0.2127659574468085,0.0715372907153729,657,pooled
historical_quota_enforced_sequential_simulation,BCR-TCN v1.1,17,0.05,0.0,0.0,0.0426179604261796,657,pooled
historical_quota_enforced_sequential_simulation,BCR-TCN v1.1,17,0.1,0.1538461538461538,0.0689655172413793,0.0882800608828006,657,pooled
historical_quota_enforced_sequential_simulation,ElasticNet,15,0.05,0.0341880341880341,0.1818181818181818,0.0334855403348554,657,pooled
historical_quota_enforced_sequential_simulation,ElasticNet,15,0.1,0.0854700854700854,0.2272727272727272,0.0669710806697108,657,pooled
historical_quota_enforced_sequential_simulation,ElasticNet,16,0.05,0.0298507462686567,0.0909090909090909,0.0334855403348554,657,pooled
historical_quota_enforced_sequential_simulation,ElasticNet,16,0.1,0.0746268656716417,0.1136363636363636,0.0669710806697108,657,pooled
historical_quota_enforced_sequential_simulation,ElasticNet,17,0.05,0.0769230769230769,0.0909090909090909,0.0334855403348554,657,pooled
historical_quota_enforced_sequential_simulation,ElasticNet,17,0.1,0.1923076923076923,0.1136363636363636,0.0669710806697108,657,pooled
historical_quota_enforced_sequential_simulation,HGBR,15,0.05,0.0769230769230769,0.45,0.030441400304414,657,pooled
historical_quota_enforced_sequential_simulation,HGBR,15,0.1,0.1794871794871795,0.5,0.0639269406392694,657,pooled
historical_quota_enforced_sequential_simulation,HGBR,16,0.05,0.0895522388059701,0.3,0.030441400304414,657,pooled
historical_quota_enforced_sequential_simulation,HGBR,16,0.1,0.208955223880597,0.3333333333333333,0.0639269406392694,657,pooled
historical_quota_enforced_sequential_simulation,HGBR,17,0.05,0.0769230769230769,0.1,0.030441400304414,657,pooled
historical_quota_enforced_sequential_simulation,HGBR,17,0.1,0.1923076923076923,0.119047619047619,0.0639269406392694,657,pooled
historical_quota_enforced_sequential_simulation,Persistence,15,0.05,0.0512820512820512,0.2068965517241379,0.0441400304414003,657,pooled
historical_quota_enforced_sequential_simulation,Persistence,15,0.1,0.1367521367521367,0.2666666666666666,0.091324200913242,657,pooled
historical_quota_enforced_sequential_simulation,Persistence,16,0.05,0.044776119402985,0.1034482758620689,0.0441400304414003,657,pooled
historical_quota_enforced_sequential_simulation,Persistence,16,0.1,0.1641791044776119,0.1833333333333333,0.091324200913242,657,pooled
historical_quota_enforced_sequential_simulation,Persistence,17,0.05,0.0,0.0,0.0441400304414003,657,pooled
historical_quota_enforced_sequential_simulation,Persistence,17,0.1,0.1538461538461538,0.0666666666666666,0.091324200913242,657,pooled
historical_quota_enforced_sequential_simulation,Ridge,15,0.05,0.0854700854700854,0.4545454545454545,0.0334855403348554,657,pooled
historical_quota_enforced_sequential_simulation,Ridge,15,0.1,0.1367521367521367,0.3636363636363636,0.0669710806697108,657,pooled
historical_quota_enforced_sequential_simulation,Ridge,16,0.05,0.1194029850746268,0.3636363636363636,0.0334855403348554,657,pooled
historical_quota_enforced_sequential_simulation,Ridge,16,0.1,0.1791044776119403,0.2727272727272727,0.0669710806697108,657,pooled
historical_quota_enforced_sequential_simulation,Ridge,17,0.05,0.0769230769230769,0.0909090909090909,0.0334855403348554,657,pooled
historical_quota_enforced_sequential_simulation,Ridge,17,0.1,0.1923076923076923,0.1136363636363636,0.0669710806697108,657,pooled
historical_quota_enforced_sequential_simulation,fixed rank ensemble,15,0.05,0.0427350427350427,0.238095238095238,0.0319634703196347,657,pooled
historical_quota_enforced_sequential_simulation,fixed rank ensemble,15,0.1,0.1025641025641025,0.2790697674418604,0.0654490106544901,657,pooled
historical_quota_enforced_sequential_simulation,fixed rank ensemble,16,0.05,0.044776119402985,0.15,0.030441400304414,657,pooled
historical_quota_enforced_sequential_simulation,fixed rank ensemble,16,0.1,0.1194029850746268,0.1777777777777777,0.0684931506849315,657,pooled
historical_quota_enforced_sequential_simulation,fixed rank ensemble,17,0.05,0.0384615384615384,0.0357142857142857,0.0426179604261796,657,pooled
historical_quota_enforced_sequential_simulation,fixed rank ensemble,17,0.1,0.1538461538461538,0.0727272727272727,0.0837138508371385,657,pooled
past_only_sequential_threshold_simulation,BCR-TCN v1.1,15,0.05,0.2222222222222222,0.2476190476190476,0.1598173515981735,657,pooled
past_only_sequential_threshold_simulation,BCR-TCN v1.1,15,0.1,0.2991452991452991,0.238095238095238,0.2237442922374429,657,pooled
past_only_sequential_threshold_simulation,BCR-TCN v1.1,16,0.05,0.1044776119402985,0.0804597701149425,0.1324200913242009,657,pooled
past_only_sequential_threshold_simulation,BCR-TCN v1.1,16,0.1,0.208955223880597,0.1102362204724409,0.1933028919330289,657,pooled
past_only_sequential_threshold_simulation,BCR-TCN v1.1,17,0.05,0.2692307692307692,0.1228070175438596,0.0867579908675799,657,pooled
past_only_sequential_threshold_simulation,BCR-TCN v1.1,17,0.1,0.3461538461538461,0.0947368421052631,0.1445966514459665,657,pooled
past_only_sequential_threshold_simulation,ElasticNet,15,0.05,0.2136752136752136,0.352112676056338,0.1080669710806697,657,pooled
past_only_sequential_threshold_simulation,ElasticNet,15,0.1,0.2649572649572649,0.2952380952380952,0.1598173515981735,657,pooled
past_only_sequential_threshold_simulation,ElasticNet,16,0.05,0.2537313432835821,0.2394366197183098,0.1080669710806697,657,pooled
past_only_sequential_threshold_simulation,ElasticNet,16,0.1,0.2985074626865671,0.1904761904761904,0.1598173515981735,657,pooled
past_only_sequential_threshold_simulation,ElasticNet,17,0.05,0.3076923076923077,0.1126760563380281,0.1080669710806697,657,pooled
past_only_sequential_threshold_simulation,ElasticNet,17,0.1,0.3846153846153846,0.0952380952380952,0.1598173515981735,657,pooled
past_only_sequential_threshold_simulation,HGBR,15,0.05,0.1623931623931624,0.3958333333333333,0.0730593607305936,657,pooled
past_only_sequential_threshold_simulation,HGBR,15,0.1,0.2222222222222222,0.3611111111111111,0.1095890410958904,657,pooled
past_only_sequential_threshold_simulation,HGBR,16,0.05,0.1940298507462686,0.2708333333333333,0.0730593607305936,657,pooled
past_only_sequential_threshold_simulation,HGBR,16,0.1,0.2388059701492537,0.2222222222222222,0.1095890410958904,657,pooled
past_only_sequential_threshold_simulation,HGBR,17,0.05,0.1923076923076923,0.1041666666666666,0.0730593607305936,657,pooled
past_only_sequential_threshold_simulation,HGBR,17,0.1,0.2307692307692307,0.0833333333333333,0.1095890410958904,657,pooled
past_only_sequential_threshold_simulation,Persistence,15,0.05,0.1196581196581196,0.2592592592592592,0.0821917808219178,657,pooled
past_only_sequential_threshold_simulation,Persistence,15,0.1,0.2564102564102564,0.2941176470588235,0.1552511415525114,657,pooled
past_only_sequential_threshold_simulation,Persistence,16,0.05,0.1343283582089552,0.1666666666666666,0.0821917808219178,657,pooled
past_only_sequential_threshold_simulation,Persistence,16,0.1,0.3283582089552239,0.2156862745098039,0.1552511415525114,657,pooled
past_only_sequential_threshold_simulation,Persistence,17,0.05,0.1153846153846153,0.0555555555555555,0.0821917808219178,657,pooled
past_only_sequential_threshold_simulation,Persistence,17,0.1,0.3461538461538461,0.088235294117647,0.1552511415525114,657,pooled
past_only_sequential_threshold_simulation,Ridge,15,0.05,0.2136752136752136,0.3472222222222222,0.1095890410958904,657,pooled
past_only_sequential_threshold_simulation,Ridge,15,0.1,0.2905982905982906,0.3119266055045872,0.1659056316590563,657,pooled
past_only_sequential_threshold_simulation,Ridge,16,0.05,0.2835820895522388,0.2638888888888889,0.1095890410958904,657,pooled
past_only_sequential_threshold_simulation,Ridge,16,0.1,0.3283582089552239,0.2018348623853211,0.1659056316590563,657,pooled
past_only_sequential_threshold_simulation,Ridge,17,0.05,0.2307692307692307,0.0833333333333333,0.1095890410958904,657,pooled
past_only_sequential_threshold_simulation,Ridge,17,0.1,0.3461538461538461,0.0825688073394495,0.1659056316590563,657,pooled
past_only_sequential_threshold_simulation,fixed rank ensemble,15,0.05,0.1965811965811965,0.365079365079365,0.0958904109589041,657,pooled
past_only_sequential_threshold_simulation,fixed rank ensemble,15,0.1,0.2649572649572649,0.348314606741573,0.1354642313546423,657,pooled
past_only_sequential_threshold_simulation,fixed rank ensemble,16,0.05,0.2835820895522388,0.3275862068965517,0.0882800608828006,657,pooled
past_only_sequential_threshold_simulation,fixed rank ensemble,16,0.1,0.373134328358209,0.2659574468085106,0.1430745814307458,657,pooled
past_only_sequential_threshold_simulation,fixed rank ensemble,17,0.05,0.3076923076923077,0.1311475409836065,0.0928462709284627,657,pooled
past_only_sequential_threshold_simulation,fixed rank ensemble,17,0.1,0.3461538461538461,0.0927835051546391,0.1476407914764079,657,pooled
